,density,pH,chlorides,pH,quality
0,0.9978,3.51,0.076,3.51,5
1,0.9968,3.2,0.098,3.2,5
2,0.997,3.26,0.092,3.26,5
3,0.998,3.16,0.075,3.16,6
4,0.9978,3.51,0.076,3.51,5
5,0.9978,3.51,0.075,3.51,5
6,0.9964,3.3,0.069,3.3,5
7,0.9946,3.39,0.065,3.39,7
8,0.9968,3.36,0.073,3.36,7
9,0.9978,3.35,0.071,3.35,5
10,0.9959,3.28,0.0969999999999999,3.28,5
11,0.9978,3.35,0.071,3.35,5
12,0.9943,3.58,0.089,3.58,5
13,0.9974,3.26,0.114,3.26,5
14,0.9986,3.16,0.176,3.16,5
15,0.9986,3.17,0.17,3.17,5
16,0.9969,3.3,0.092,3.3,7
17,0.9968,3.11,0.368,3.11,5
18,0.9974,3.38,0.086,3.38,4
19,0.9969,3.04,0.341,3.04,6
20,0.9968,3.39,0.077,3.39,6
21,0.9982,3.52,0.0819999999999999,3.52,5
22,0.9966,3.17,0.106,3.17,5
23,0.9968,3.17,0.084,3.17,5
24,0.9968,3.43,0.085,3.43,6
25,0.9955,3.34,0.08,3.34,5
26,0.9962,3.28,0.08,3.28,5
27,0.9966,3.17,0.106,3.17,5
28,0.9972,3.47,0.08,3.47,5
29,0.9964,3.38,0.0819999999999999,3.38,6
30,0.9958,3.35,0.089,3.35,5
31,0.9966,3.46,0.105,3.46,6
32,0.9966,3.17,0.083,3.17,5
33,0.9993,3.45,0.073,3.45,6
34,0.9957,3.38,0.103,3.38,5
35,0.9986,3.4,0.086,3.4,6
36,0.9975,3.42,0.086,3.42,6
37,0.9968,3.23,0.066,3.23,7
38,0.994,3.5,0.172,3.5,4
39,0.9978,3.33,0.074,3.33,5
40,0.9978,3.33,0.074,3.33,5
41,0.9976,3.26,0.088,3.26,4
42,0.9968,3.21,0.332,3.21,6
43,0.9968,3.3,0.069,3.3,5
44,0.9962,3.48,0.05,3.48,5
45,0.9934,3.9,0.054,3.9,4
46,0.997,3.25,0.114,3.25,5
47,0.9969,3.25,0.113,3.25,5
48,0.9958,3.34,0.066,3.34,5
49,0.9954,3.32,0.074,3.32,5
50,0.9971,3.15,0.074,3.15,5
51,0.9956,3.4,0.069,3.4,6
52,0.9955,3.39,0.068,3.39,6
53,0.997,3.2,0.081,3.2,5
54,0.9955,3.17,0.11,3.17,6
55,0.9978,3.34,0.084,3.34,5
56,0.9971,3.04,0.07,3.04,5
57,0.9983,3.26,0.111,3.26,5
58,0.9975,3.43,0.076,3.43,5
59,0.9962,3.41,0.074,3.41,6
60,0.998,3.44,0.079,3.44,5
61,0.9968,3.21,0.115,3.21,5
62,0.9968,3.38,0.085,3.38,7
63,0.9966,3.39,0.081,3.39,5
64,0.9962,3.41,0.086,3.41,5
65,0.9962,3.41,0.086,3.41,5
66,0.9968,3.42,0.079,3.42,5
67,0.9962,3.44,0.076,3.44,5
68,0.9969,3.28,0.074,3.28,5
69,0.9962,3.34,0.074,3.34,6
70,0.9967,3.32,0.076,3.32,6
71,0.9962,3.32,0.088,3.32,5
72,0.9961,3.31,0.084,3.31,5
73,0.9976,3.31,0.084,3.31,4
74,0.9984,3.28,0.094,3.28,5
75,0.9986,3.54,0.093,3.54,5
76,0.9986,3.54,0.093,3.54,5
77,0.9966,3.52,0.104,3.52,6
78,0.9958,3.38,0.086,3.38,5
79,0.9972,3.16,0.08,3.16,4
80,0.9958,3.41,0.069,3.41,5
81,0.9974,3.13,0.4639999999999999,3.13,5
82,0.997,3.36,0.086,3.36,5
83,0.9969,3.16,0.401,3.16,5
84,0.9959,3.44,0.069,3.44,6
85,0.9961,3.41,0.076,3.41,5
86,0.9972,2.93,0.11,2.93,6
87,0.9966,3.39,0.062,3.39,5
88,0.9978,3.14,0.107,3.14,5
89,0.9978,3.48,0.076,3.48,5
90,0.9964,3.23,0.079,3.23,5
91,0.9972,2.93,0.11,2.93,6
92,0.9972,2.93,0.11,2.93,5
93,0.9966,3.39,0.062,3.39,5
94,0.9938,3.75,0.045,3.75,4
95,0.9932,3.85,0.0579999999999999,3.85,6
96,0.9965,3.45,0.102,3.45,5
97,0.9963,3.25,0.07,3.25,5
98,0.9967,3.39,0.079,3.39,5
99,0.9972,3.3,0.08,3.3,6
100,0.9972,3.4,0.084,3.4,6
101,0.9959,3.31,0.075,3.31,6
102,0.9972,3.3,0.08,3.3,6
103,0.9967,3.29,0.077,3.29,5
104,0.996,3.33,0.07,3.33,5
105,0.9967,3.29,0.077,3.29,5
106,0.9973,3.08,0.467,3.08,5
107,0.9969,3.46,0.088,3.46,5
108,0.9976,3.37,0.091,3.37,6
109,0.9969,3.21,0.122,3.21,5
110,0.9964,3.19,0.104,3.19,5
111,0.9964,3.15,0.084,3.15,5
112,0.9964,3.15,0.085,3.15,5
113,0.9988,3.32,0.08,3.32,6
114,0.9964,3.19,0.104,3.19,5
115,0.9966,3.07,0.09,3.07,6
116,0.9978,3.39,0.077,3.39,6
117,0.997,3.37,0.0819999999999999,3.37,6
118,0.9962,3.21,0.119,3.21,6
119,0.9959,3.34,0.0969999999999999,3.34,6
120,0.9962,3.3,0.178,3.3,5
121,0.9962,3.21,0.119,3.21,6
122,0.998,3.49,0.075,3.49,5
123,0.9976,3.44,0.08,3.44,5
124,0.996,3.39,0.0819999999999999,3.39,5
125,0.9984,3.16,0.146,3.16,5
126,0.9964,3.53,0.081,3.53,5
127,0.9964,3.54,0.0819999999999999,3.54,5
128,0.9962,3.42,0.065,3.42,7
129,0.9955,3.42,0.072,3.42,5
130,0.9968,3.24,0.118,3.24,5
131,0.9937,3.63,0.049,3.63,5
132,0.9937,3.63,0.049,3.63,5
133,0.9952,3.4,0.06,3.4,6
134,0.9959,3.22,0.084,3.22,6
135,0.9965,3.19,0.09,3.19,5
136,0.9968,3.23,0.089,3.23,5
137,0.9972,3.48,0.081,3.48,5
138,0.9962,3.33,0.081,3.33,5
139,0.9962,3.32,0.081,3.32,5
140,0.9965,3.19,0.09,3.19,5
141,0.9968,3.23,0.089,3.23,5
142,0.9916,3.68,0.05,3.68,6
143,0.9954,3.34,0.066,3.34,5
144,0.9916,3.68,0.05,3.68,6
145,0.9968,3.17,0.1169999999999999,3.17,5
146,0.9944,3.54,0.087,3.54,5
147,0.9968,3.11,0.236,3.11,5
148,0.9959,3.42,0.074,3.42,6
149,0.9975,3.53,0.089,3.53,6
150,0.9958,3.33,0.077,3.33,6
151,0.9996,2.74,0.61,2.74,4
152,0.995,3.35,0.095,3.35,5
153,0.995,3.35,0.095,3.35,5
154,0.9973,3.42,0.07,3.42,5
155,0.9973,3.42,0.071,3.42,5
156,0.9973,3.42,0.07,3.42,5
157,0.9973,3.42,0.071,3.42,5
158,0.9969,3.48,0.073,3.48,5
159,0.9968,3.59,0.079,3.59,6
160,0.9959,3.2,0.09,3.2,5
161,0.9965,3.17,0.072,3.17,4
162,0.9964,3.33,0.076,3.33,6
163,0.9982,3.37,0.07,3.37,5
164,0.9981,3.37,0.07,3.37,5
165,0.9961,3.19,0.1,3.19,5
166,0.9956,3.34,0.085,3.34,5
167,0.9956,3.37,0.072,3.37,4
168,0.9953,3.47,0.089,3.47,6
169,0.9964,3.0,0.36,3.0,5
170,0.9972,3.36,0.0579999999999999,3.36,4
171,0.9972,3.29,0.073,3.29,6
172,0.9972,3.29,0.073,3.29,6
173,0.9961,3.42,0.068,3.42,6
174,0.9961,3.33,0.08,3.33,5
175,0.9958,3.35,0.085,3.35,5
176,0.9961,3.33,0.08,3.33,5
177,0.9972,3.58,0.087,3.58,6
178,0.9969,3.48,0.068,3.48,5
179,0.9969,3.19,0.067,3.19,5
180,0.9969,3.19,0.067,3.19,5
181,0.9972,3.12,0.27,3.12,5
182,0.9972,3.44,0.076,3.44,5
183,0.9971,3.54,0.077,3.54,5
184,0.997,3.52,0.079,3.52,6
185,0.9971,3.26,0.111,3.26,5
186,0.9972,3.34,0.0819999999999999,3.34,5
187,0.9976,3.39,0.084,3.39,5
188,0.9968,3.2,0.084,3.2,5
189,0.9968,3.2,0.0819999999999999,3.2,5
190,0.9976,3.23,0.077,3.23,5
191,0.9974,3.57,0.074,3.57,6
192,0.9969,3.28,0.099,3.28,5
193,0.9964,3.28,0.071,3.28,5
194,0.9964,3.28,0.071,3.28,5
195,0.9968,3.25,0.074,3.25,5
196,0.9968,3.46,0.074,3.46,5
197,0.9981,3.11,0.067,3.11,6
198,0.9924,3.57,0.046,3.57,7
199,0.9948,3.51,0.061,3.51,4
200,0.99695,3.22,0.0559999999999999,3.22,7
201,0.9975,3.04,0.0969999999999999,3.04,5
202,0.99545,3.36,0.075,3.36,5
203,0.9961,3.34,0.088,3.34,5
204,0.99615,3.34,0.089,3.34,6
205,0.9994,3.2,0.095,3.2,7
206,0.9994,3.2,0.095,3.2,7
207,0.99625,3.29,0.069,3.29,5
208,0.9966,3.22,0.1,3.22,5
209,0.998,3.31,0.054,3.31,7
210,0.99585,3.3,0.039,3.3,6
211,0.99685,3.35,0.083,3.35,6
212,0.998,3.21,0.059,3.21,6
213,0.9959,3.3,0.06,3.3,5
214,0.9974,3.24,0.092,3.24,6
215,0.9974,3.34,0.06,3.34,5
216,0.9962,3.14,0.1009999999999999,3.14,5
217,0.9967,3.36,0.072,3.36,5
218,0.9957,3.39,0.076,3.39,5
219,0.99655,3.3,0.08,3.3,5
220,0.9964,3.34,0.0819999999999999,3.34,6
221,0.9957,3.15,0.1009999999999999,3.15,5
222,0.99525,3.42,0.057,3.42,5
223,0.99815,3.28,0.083,3.28,6
224,0.99745,3.31,0.089,3.31,4
225,0.99615,3.37,0.073,3.37,6
226,0.9964,3.04,0.337,3.04,6
227,0.9984,3.39,0.089,3.39,5
228,0.99615,3.37,0.073,3.37,6
229,0.99685,3.46,0.081,3.46,5
230,0.9927,3.54,0.054,3.54,7
231,0.99625,3.37,0.078,3.37,6
232,0.998,3.34,0.09,3.34,6
233,0.99685,3.46,0.081,3.46,5
234,0.99685,3.32,0.065,3.32,6
235,0.99675,3.37,0.0969999999999999,3.37,6
236,0.99675,3.37,0.0969999999999999,3.37,6
237,0.99675,3.37,0.0969999999999999,3.37,6
238,0.99675,3.37,0.0969999999999999,3.37,6
239,0.99685,3.32,0.065,3.32,6
240,0.9971,3.0,0.263,3.0,5
241,0.99925,3.14,0.093,3.14,6
242,0.99565,3.08,0.102,3.08,6
243,1.00005,3.07,0.075,3.07,7
244,1.00005,3.07,0.075,3.07,7
245,0.9983,3.61,0.084,3.61,6
246,0.99685,3.38,0.075,3.38,5
247,0.9963,3.2,0.072,3.2,5
248,0.99615,3.35,0.074,3.35,6
249,0.9983,3.61,0.084,3.61,6
250,0.9985,3.22,0.063,3.22,6
251,0.9972,3.47,0.074,3.47,6
252,0.9986,3.17,0.09,3.17,5
253,0.9959,3.23,0.092,3.23,5
254,0.9972,3.47,0.074,3.47,6
255,0.99675,3.26,0.073,3.26,5
256,0.998,3.22,0.075,3.22,5
257,0.9968,3.49,0.075,3.49,5
258,0.9968,3.06,0.611,3.06,5
259,0.99965,3.36,0.085,3.36,7
260,0.99625,3.29,0.077,3.29,5
261,0.99565,3.35,0.087,3.35,4
262,0.99575,3.34,0.07,3.34,5
263,0.9963,3.28,0.077,3.28,5
264,0.9999,3.08,0.064,3.08,5
265,0.9968,3.2,0.071,3.2,7
266,1.00025,3.6,0.096,3.6,4
267,0.9973,3.35,0.078,3.35,8
268,0.9987,3.69,0.077,3.69,6
269,0.9996,3.28,0.104,3.28,6
270,0.9965,3.36,0.087,3.36,6
271,0.9996,3.28,0.104,3.28,6
272,0.99935,3.22,0.071,3.22,5
273,0.99735,3.31,0.076,3.31,5
274,0.99915,3.38,0.088,3.38,5
275,0.9965,3.36,0.087,3.36,6
276,0.9987,3.69,0.077,3.69,6
277,0.9996,3.28,0.104,3.28,6
278,0.9976,3.23,0.073,3.23,8
279,0.9991,3.38,0.087,3.38,7
280,0.9986,3.12,0.071,3.12,6
281,0.9972,3.25,0.358,3.25,7
282,0.9971,3.36,0.067,3.36,5
283,0.9991,3.38,0.087,3.38,7
284,1.00015,3.31,0.102,3.31,5
285,1.00015,3.31,0.102,3.31,5
286,0.9997,3.1,0.073,3.1,6
287,0.9967,3.37,0.092,3.37,6
288,0.9976,3.34,0.091,3.34,7
289,1.001,3.2,0.105,3.2,5
290,0.9976,3.34,0.091,3.34,7
291,0.9979,3.3,0.3429999999999999,3.3,5
292,0.9994,3.22,0.091,3.22,6
293,0.9964,3.41,0.098,3.41,6
294,1.0014,3.05,0.094,3.05,6
295,1.0001,3.05,0.073,3.05,5
296,0.9981,3.16,0.086,3.16,5
297,0.99855,3.67,0.083,3.67,5
298,0.9993,3.67,0.094,3.67,5
299,0.99845,3.68,0.08,3.68,5
300,0.9965,3.38,0.086,3.38,6
301,0.9973,3.22,0.068,3.22,6
302,0.9994,3.51,0.092,3.51,5
303,0.996,3.39,0.186,3.39,5
304,0.9973,3.2,0.1119999999999999,3.2,5
305,0.9998,3.12,0.063,3.12,6
306,0.9966,3.36,0.0819999999999999,3.36,5
307,0.9994,3.19,0.213,3.19,6
308,0.9994,3.19,0.214,3.19,6
309,0.9968,3.41,0.062,3.41,6
310,0.9998,3.12,0.063,3.12,6
311,0.996,3.27,0.072,3.27,6
312,0.99815,3.32,0.093,3.32,6
313,0.9976,3.3,0.076,3.3,5
314,0.99645,3.39,0.087,3.39,5
315,0.9962,3.42,0.096,3.42,6
316,0.9996,3.3,0.102,3.3,5
317,0.99865,3.3,0.0819999999999999,3.3,6
318,0.9989,3.37,0.083,3.37,7
319,0.99865,3.3,0.0819999999999999,3.3,6
320,0.9989,3.37,0.083,3.37,7
321,0.99975,3.24,0.09,3.24,5
322,0.99735,3.29,0.079,3.29,5
323,0.999,3.28,0.09,3.28,6
324,1.0015,3.16,0.071,3.16,6
325,1.0015,3.16,0.071,3.16,6
326,0.9978,3.05,0.121,3.05,7
327,0.998,3.28,0.107,3.28,5
328,1.0002,3.16,0.0819999999999999,3.16,6
329,0.9981,3.18,0.061,3.18,5
330,0.998,3.23,0.122,3.23,6
331,0.998,3.23,0.122,3.23,6
332,0.9973,3.22,0.066,3.22,6
333,0.9958,3.13,0.105,3.13,5
334,0.9963,3.34,0.078,3.34,7
335,0.9992,3.17,0.128,3.17,7
336,0.9948,3.35,0.052,3.35,6
337,0.9974,3.31,0.08,3.31,5
338,1.0008,3.16,0.103,3.16,6
339,0.9997,3.11,0.0819999999999999,3.11,7
340,1.0,3.12,0.066,3.12,6
341,0.9972,3.21,0.065,3.21,6
342,0.9982,3.3,0.118,3.3,6
343,0.9982,3.3,0.118,3.3,6
344,1.0006,3.12,0.0819999999999999,3.12,6
345,0.9979,3.6,0.067,3.6,5
346,0.9955,3.58,0.072,3.58,7
347,0.9986,3.02,0.093,3.02,6
348,0.9979,3.11,0.089,3.11,6
349,0.9994,3.36,0.093,3.36,6
350,1.0004,3.28,0.107,3.28,6
351,0.9994,3.35,0.096,3.35,6
352,0.9974,3.27,0.09,3.27,5
353,1.0018,3.18,0.12,3.18,5
354,0.9912,3.25,0.066,3.25,6
355,0.9955,3.55,0.078,3.55,6
356,1.0001,3.26,0.08,3.26,5
357,0.997,3.24,0.1159999999999999,3.24,7
358,1.0,3.15,0.109,3.15,7
359,1.001,3.17,0.088,3.17,6
360,0.9973,3.19,0.099,3.19,5
361,0.9982,3.37,0.086,3.37,6
362,0.9992,3.05,0.072,3.05,5
363,0.9988,2.99,0.071,2.99,5
364,1.0022,3.07,0.083,3.07,7
365,0.9979,3.26,0.107,3.26,6
366,1.0022,3.07,0.083,3.07,7
367,1.0,3.16,0.076,3.16,5
368,0.9998,3.18,0.159,3.18,5
369,0.9962,3.2,0.074,3.2,7
370,0.9975,3.57,0.063,3.57,5
371,0.9967,3.32,0.0559999999999999,3.32,6
372,0.9967,3.32,0.067,3.32,6
373,0.9959,3.05,0.106,3.05,5
374,1.0014,3.01,0.089,3.01,6
375,0.9984,3.01,0.124,3.01,7
376,1.0003,3.26,0.078,3.26,6
377,0.9962,3.2,0.074,3.2,7
378,0.9988,3.11,0.088,3.11,6
379,0.9979,3.31,0.094,3.31,6
380,0.9974,3.21,0.08,3.21,6
381,1.0014,3.06,0.085,3.06,6
382,0.9974,3.21,0.08,3.21,6
383,0.9974,3.21,0.08,3.21,6
384,0.998,3.42,0.087,3.42,5
385,0.9979,3.43,0.09,3.43,6
386,0.9981,3.41,0.088,3.41,6
387,0.9972,3.31,0.079,3.31,6
388,0.9981,3.43,0.088,3.43,6
389,0.9982,3.19,0.096,3.19,7
390,0.9924,3.56,0.045,3.56,8
391,1.0014,3.06,0.085,3.06,6
392,0.998,3.18,0.0819999999999999,3.18,5
393,0.997,3.16,0.1119999999999999,3.16,5
394,0.9997,3.03,0.063,3.03,5
395,1.0004,3.22,0.066,3.22,7
396,0.9994,3.47,0.122,3.47,5
397,0.9988,3.18,0.087,3.18,6
398,0.9988,3.18,0.087,3.18,6
399,0.9963,3.1,0.064,3.1,5
400,0.9994,3.47,0.122,3.47,5
401,0.9949,3.29,0.059,3.29,6
402,1.0,3.1,0.085,3.1,6
403,0.9994,3.15,0.085,3.15,6
404,0.9974,3.26,0.075,3.26,5
405,0.9966,3.36,0.059,3.36,6
406,0.9981,3.24,0.063,3.24,6
407,0.9996,3.18,0.093,3.18,7
408,0.997,3.19,0.174,3.19,6
409,0.9981,3.05,0.07,3.05,4
410,0.9987,3.38,0.08,3.38,6
411,0.9987,3.38,0.08,3.38,5
412,0.9966,3.27,0.1,3.27,5
413,0.9986,3.27,0.0969999999999999,3.27,7
414,0.9982,3.26,0.087,3.26,5
415,1.0014,3.32,0.1169999999999999,3.32,5
416,0.997,3.26,0.111,3.26,6
417,0.9956,3.44,0.091,3.44,5
418,0.9996,3.24,0.121,3.24,6
419,0.9976,3.62,0.066,3.62,5
420,0.9972,3.28,0.089,3.28,7
421,0.9952,3.52,0.059,3.52,7
422,0.9955,3.36,0.047,3.36,5
423,0.9978,3.15,0.066,3.15,7
424,0.9955,3.36,0.047,3.36,5
425,0.9952,3.52,0.059,3.52,7
426,0.9949,3.49,0.045,3.49,6
427,0.9988,3.26,0.077,3.26,6
428,0.9978,3.24,0.07,3.24,5
429,0.9997,3.1,0.088,3.1,6
430,0.9978,3.15,0.066,3.15,7
431,0.9974,3.25,0.074,3.25,5
432,0.9958,3.0,0.078,3.0,6
433,1.0004,3.16,0.091,3.16,5
434,0.9996,3.15,0.076,3.15,6
435,1.0004,3.16,0.091,3.16,5
436,0.9958,3.26,0.06,3.26,6
437,0.9986,3.17,0.066,3.17,6
438,0.9996,3.15,0.076,3.15,6
439,0.9951,3.08,0.062,3.08,5
440,0.9987,2.88,0.072,2.88,8
441,0.9988,3.06,0.068,3.06,6
442,1.0032,2.95,0.1,2.95,7
443,0.9963,3.23,0.077,3.23,7
444,0.9934,3.57,0.054,3.57,7
445,0.9986,3.23,0.079,3.23,6
446,0.9996,3.1,0.081,3.1,5
447,0.9968,3.22,0.127,3.22,5
448,0.9967,3.2,0.1,3.2,6
449,0.9994,3.1,0.095,3.1,6
450,0.9994,3.1,0.095,3.1,6
451,0.9979,3.06,0.413,3.06,6
452,0.9968,3.44,0.084,3.44,6
453,0.9998,3.26,0.084,3.26,7
454,0.9952,3.5,0.063,3.5,5
455,0.9988,3.22,0.086,3.22,8
456,0.9986,3.37,0.095,3.37,5
457,0.9988,3.28,0.0969999999999999,3.28,5
458,0.9998,3.26,0.084,3.26,7
459,1.0008,3.25,0.074,3.25,3
460,0.9976,3.35,0.083,3.35,6
461,0.9982,3.26,0.087,3.26,5
462,0.997,3.18,0.085,3.18,5
463,0.9972,3.08,0.098,3.08,5
464,0.9987,2.98,0.084,2.98,6
465,1.0006,3.48,0.098,3.48,5
466,0.9982,3.16,0.069,3.16,6
467,0.9947,3.32,0.065,3.32,6
468,1.0,3.17,0.09,3.17,6
469,0.9952,3.2,0.07,3.2,5
470,0.9996,3.05,0.093,3.05,5
471,0.997,3.2,0.081,3.2,6
472,0.9995,3.15,0.083,3.15,6
473,0.9971,3.26,0.062,3.26,5
474,0.9982,3.2,0.08,3.2,6
475,0.9988,3.14,0.087,3.14,5
476,0.998,3.28,0.091,3.28,5
477,0.9977,3.18,0.075,3.18,6
478,0.9988,3.14,0.087,3.14,5
479,0.9984,3.19,0.077,3.19,6
480,1.0026,3.12,0.069,3.12,5
481,0.9964,3.15,0.08,3.15,8
482,0.9986,3.04,0.152,3.04,5
483,0.9986,3.04,0.152,3.04,5
484,0.997,3.06,0.114,3.06,6
485,0.9976,3.17,0.054,3.17,5
486,0.9976,3.17,0.054,3.17,5
487,0.9982,3.17,0.053,3.17,6
488,1.0002,3.32,0.081,3.32,7
489,0.9984,3.34,0.073,3.34,6
490,0.9984,3.31,0.078,3.31,6
491,0.9952,3.34,0.055,3.34,7
492,0.995,3.32,0.052,3.32,7
493,1.0002,3.48,0.086,3.48,6
494,0.9952,3.44,0.051,3.44,6
495,0.9972,3.15,0.07,3.15,8
496,0.9984,3.43,0.081,3.43,6
497,0.9966,3.32,0.09,3.32,5
498,0.9972,3.15,0.07,3.15,8
499,1.0002,3.48,0.086,3.48,6
500,0.9984,3.43,0.081,3.43,6
501,0.999,3.17,0.074,3.17,7
502,0.999,3.17,0.074,3.17,7
503,0.9976,3.18,0.078,3.18,7
504,0.9976,3.21,0.077,3.21,7
505,0.9968,3.16,0.072,3.16,7
506,0.9976,3.25,0.075,3.25,7
507,1.0,3.17,0.084,3.17,6
508,0.9994,3.18,0.09,3.18,6
509,0.9986,3.04,0.084,3.04,7
510,0.9978,3.02,0.073,3.02,5
511,0.9994,3.18,0.09,3.18,6
512,0.998,3.03,0.125,3.03,6
513,0.9973,3.09,0.107,3.09,7
514,0.9973,3.09,0.107,3.09,7
515,1.001,3.31,0.122,3.31,5
516,1.001,3.25,0.1,3.25,6
517,0.9994,3.16,0.2,3.16,3
518,0.9972,3.22,0.088,3.22,6
519,0.9966,3.36,0.088,3.36,5
520,0.9982,3.42,0.088,3.42,6
521,0.998,3.48,0.088,3.48,5
522,0.9979,3.38,0.099,3.38,5
523,0.9978,3.22,0.085,3.22,5
524,0.9976,3.23,0.086,3.23,5
525,0.9998,3.24,0.105,3.24,5
526,0.9966,3.36,0.088,3.36,5
527,0.9962,3.39,0.0969999999999999,3.39,6
528,0.9988,3.34,0.084,3.34,6
529,0.9974,3.09,0.077,3.09,5
530,0.999,3.41,0.078,3.41,6
531,1.0004,3.16,0.098,3.16,5
532,1.0004,3.16,0.098,3.16,5
533,0.9956,3.22,0.072,3.22,6
534,1.0,3.28,0.102,3.28,6
535,0.999,3.41,0.078,3.41,6
536,0.9974,3.09,0.077,3.09,5
537,0.9972,3.37,0.084,3.37,6
538,1.0014,3.2,0.066,3.2,7
539,0.9996,3.22,0.1,3.22,5
540,0.9988,3.26,0.1009999999999999,3.26,5
541,0.9988,3.21,0.064,3.21,6
542,0.9966,3.12,0.07,3.12,5
543,0.9993,3.06,0.085,3.06,6
544,1.0008,2.86,0.075,2.86,6
545,0.9982,3.08,0.094,3.08,5
546,0.9983,3.45,0.078,3.45,6
547,0.9987,3.26,0.067,3.26,6
548,0.9994,3.12,0.079,3.12,6
549,0.9975,3.27,0.171,3.27,6
550,0.9958,3.33,0.074,3.33,6
551,0.998,3.19,0.092,3.19,6
552,0.998,3.12,0.092,3.12,6
553,0.9934,3.74,0.05,3.74,5
554,1.00315,2.92,0.095,2.92,5
555,1.00315,2.92,0.095,2.92,5
556,1.0002,3.07,0.118,3.07,6
557,1.00315,2.92,0.095,2.92,5
558,1.0002,3.07,0.118,3.07,6
559,1.0021,3.3,0.085,3.3,6
560,0.9994,3.14,0.075,3.14,5
561,0.9978,3.23,0.078,3.23,5
562,0.9982,3.08,0.094,3.08,5
563,0.9971,3.31,0.092,3.31,6
564,1.0021,3.3,0.085,3.3,6
565,0.9994,3.14,0.075,3.14,5
566,0.9991,3.32,0.226,3.32,6
567,0.9991,3.32,0.226,3.32,6
568,0.999,3.31,0.25,3.31,6
569,0.9946,3.57,0.095,3.57,6
570,1.0003,3.32,0.07,3.32,6
571,0.9946,3.57,0.095,3.57,6
572,0.9978,3.14,0.075,3.14,5
573,0.9991,3.3,0.07,3.3,4
574,0.9992,3.19,0.078,3.19,6
575,0.9993,3.2,0.079,3.2,6
576,0.9978,3.34,0.103,3.34,4
577,0.9982,3.3,0.083,3.3,5
578,0.9982,3.29,0.085,3.29,5
579,0.9976,3.14,0.063,3.14,6
580,1.0002,3.19,0.089,3.19,5
581,1.0002,3.19,0.089,3.19,5
582,1.0,3.19,0.083,3.19,5
583,0.9976,2.98,0.074,2.98,7
584,1.0002,3.3,0.093,3.3,7
585,0.998,3.47,0.091,3.47,6
586,0.9986,3.12,0.094,3.12,7
587,0.9967,3.26,0.108,3.26,5
588,0.9917,3.72,0.06,3.72,8
589,0.9976,3.05,0.059,3.05,7
590,0.9987,3.35,0.084,3.35,5
591,0.9922,3.12,0.07,3.12,6
592,0.9987,3.35,0.084,3.35,5
593,1.0004,3.29,0.094,3.29,5
594,0.9978,3.4,0.096,3.4,5
595,0.9998,3.27,0.086,3.27,5
596,0.9994,3.04,0.059,3.04,6
597,0.998,3.09,0.071,3.09,6
598,0.9967,3.2,0.078,3.2,6
599,1.0,3.0,0.0819999999999999,3.0,6
600,0.9962,3.26,0.088,3.26,4
601,1.0006,3.1,0.071,3.1,6
602,0.9975,3.3,0.081,3.3,5
603,1.0006,3.1,0.071,3.1,6
604,0.9984,3.17,0.096,3.17,6
605,0.9984,3.31,0.085,3.31,6
606,0.9973,3.34,0.072,3.34,7
607,0.9982,3.31,0.092,3.31,6
608,1.0026,3.32,0.11,3.32,6
609,0.9956,3.56,0.075,3.56,6
610,0.9983,3.39,0.083,3.39,5
611,1.0006,2.98,0.081,2.98,5
612,0.9965,3.32,0.077,3.32,6
613,0.9962,3.26,0.0579999999999999,3.26,5
614,0.9969,2.87,0.148,2.87,6
615,0.9997,3.5,0.079,3.5,5
616,0.9997,3.5,0.079,3.5,5
617,0.9982,3.03,0.079,3.03,6
618,1.0006,3.13,0.122,3.13,5
619,0.9988,3.09,0.088,3.09,5
620,0.9976,3.27,0.076,3.27,5
621,0.9976,3.28,0.078,3.28,5
622,0.9974,3.13,0.08,3.13,5
623,0.9974,3.49,0.077,3.49,6
624,0.9997,3.46,0.124,3.46,5
625,0.9997,3.46,0.124,3.46,5
626,0.9988,3.36,0.098,3.36,5
627,0.9988,3.36,0.098,3.36,5
628,0.9976,3.27,0.0969999999999999,3.27,6
629,0.9964,3.21,0.111,3.21,5
630,0.9976,3.27,0.0969999999999999,3.27,6
631,0.9988,3.25,0.105,3.25,5
632,0.9964,3.32,0.087,3.32,6
633,1.001,3.43,0.105,3.43,4
634,0.9964,3.27,0.073,3.27,5
635,0.9954,3.27,0.065,3.27,5
636,0.9979,3.24,0.086,3.24,5
637,0.9978,3.24,0.084,3.24,5
638,0.9964,3.35,0.143,3.35,7
639,0.997,3.18,0.067,3.18,6
640,0.9991,3.39,0.071,3.39,5
641,0.9992,3.46,0.071,3.46,5
642,0.9991,3.39,0.071,3.39,5
643,0.9992,3.46,0.071,3.46,5
644,0.9991,3.39,0.071,3.39,5
645,0.9984,3.37,0.115,3.37,7
646,0.9972,3.4,0.107,3.4,5
647,0.9967,3.32,0.07,3.32,4
648,0.9964,3.33,0.066,3.33,7
649,0.9948,3.16,0.068,3.16,6
650,0.9986,2.89,0.106,2.89,5
651,1.001,3.41,0.104,3.41,5
652,0.9976,2.98,0.096,2.98,5
653,0.9976,3.12,0.079,3.12,6
654,0.9979,3.08,0.074,3.08,5
655,1.0004,3.14,0.087,3.14,5
656,0.9986,2.89,0.106,2.89,5
657,0.998,2.92,0.073,2.92,7
658,0.9973,3.32,0.074,3.32,6
659,0.997,3.41,0.096,3.41,4
660,0.9973,3.32,0.074,3.32,6
661,0.9978,3.31,0.08,3.31,5
662,0.9972,3.36,0.076,3.36,6
663,0.9974,3.04,0.05,3.04,6
664,1.0,3.03,0.092,3.03,5
665,0.9981,3.14,0.084,3.14,5
666,0.998,3.18,0.222,3.18,6
667,0.9988,2.94,0.0819999999999999,2.94,6
668,0.9966,3.15,0.059,3.15,5
669,0.9988,2.94,0.0819999999999999,2.94,6
670,0.9959,3.26,0.083,3.26,5
671,0.9968,3.2,0.074,3.2,5
672,0.998,3.15,0.079,3.15,5
673,0.9968,3.2,0.074,3.2,5
674,0.9984,3.08,0.084,3.08,6
675,0.9984,3.26,0.064,3.26,5
676,0.9984,3.08,0.084,3.08,6
677,0.9979,3.4,0.084,3.4,5
678,0.9983,3.48,0.081,3.48,5
679,0.9972,3.13,0.06,3.13,5
680,1.0004,3.06,0.07,3.06,5
681,0.9962,3.21,0.094,3.21,6
682,0.998,3.33,0.078,3.33,5
683,0.997,3.37,0.059,3.37,5
684,0.998,3.25,0.078,3.25,5
685,0.997,3.37,0.059,3.37,5
686,0.997,3.44,0.07,3.44,5
687,0.9998,3.28,0.095,3.28,5
688,0.9962,3.4,0.039,3.4,5
689,0.9976,3.3,0.157,3.3,5
690,0.9966,3.63,0.0969999999999999,3.63,3
691,0.9998,3.48,0.087,3.48,5
692,0.9979,3.03,0.422,3.03,5
693,0.9984,3.32,0.084,3.32,5
694,0.9984,3.31,0.084,3.31,5
695,0.9921,3.9,0.034,3.9,6
696,0.9972,3.47,0.066,3.47,6
697,0.9972,3.47,0.066,3.47,6
698,1.0001,3.31,0.087,3.31,5
699,0.9986,3.11,0.071,3.11,6
700,0.9984,3.08,0.076,3.08,6
701,0.9972,3.47,0.066,3.47,6
702,0.997,3.47,0.067,3.47,6
703,0.9972,3.32,0.073,3.32,4
704,0.998,3.29,0.078,3.29,4
705,0.999,3.37,0.073,3.37,5
706,0.9956,3.4,0.093,3.4,5
707,0.9966,3.37,0.077,3.37,5
708,0.996,3.34,0.068,3.34,6
709,0.9983,3.27,0.062,3.27,6
710,0.9985,3.06,0.08,3.06,5
711,0.9998,3.38,0.093,3.38,5
712,0.9992,3.36,0.084,3.36,5
713,0.9976,3.34,0.075,3.34,5
714,0.998,3.28,0.078,3.28,5
715,0.9967,3.29,0.069,3.29,6
716,0.9976,3.34,0.075,3.34,5
717,0.9968,3.21,0.079,3.21,5
718,0.9976,3.22,0.0819999999999999,3.22,5
719,0.9976,3.46,0.086,3.46,5
720,0.9976,3.22,0.0819999999999999,3.22,5
721,0.9982,3.1,0.094,3.1,5
722,0.9968,3.21,0.084,3.21,5
723,0.9965,2.94,0.053,2.94,5
724,0.9958,3.54,0.086,3.54,4
725,0.9976,3.29,0.077,3.29,5
726,0.9994,3.43,0.084,3.43,6
727,0.997,3.46,0.067,3.46,5
728,0.997,3.46,0.067,3.46,5
729,0.995,3.61,0.071,3.61,6
730,0.9982,3.17,0.387,3.17,5
731,0.9994,3.44,0.088,3.44,5
732,0.9966,3.39,0.092,3.39,5
733,0.998,3.55,0.0819999999999999,3.55,5
734,0.9987,3.48,0.075,3.48,5
735,0.9963,3.26,0.1119999999999999,3.26,5
736,0.9963,3.26,0.1119999999999999,3.26,5
737,1.0002,3.5,0.093,3.5,6
738,0.9983,3.1,0.092,3.1,5
739,0.999,3.35,0.088,3.35,5
740,0.9965,3.45,0.075,3.45,6
741,0.99788,3.21,0.078,3.21,5
742,0.9972,3.46,0.065,3.46,5
743,1.00024,3.13,0.096,3.13,5
744,1.0001,3.13,0.095,3.13,5
745,0.99768,3.52,0.07,3.52,6
746,0.9978,3.3,0.08,3.3,6
747,0.99782,3.3,0.083,3.3,5
748,0.99761,3.52,0.071,3.52,6
749,0.99768,3.52,0.07,3.52,6
750,0.99803,3.29,0.089,3.29,5
751,0.99803,3.29,0.089,3.29,5
752,0.99785,3.39,0.0969999999999999,3.39,5
753,0.99803,3.29,0.089,3.29,5
754,0.99656,3.09,0.415,3.09,6
755,0.99525,3.51,0.0579999999999999,3.51,6
756,0.99488,3.6,0.057,3.6,6
757,0.99656,3.25,0.084,3.25,5
758,0.99656,3.25,0.084,3.25,5
759,0.99823,3.19,0.092,3.19,5
760,0.99779,3.23,0.075,3.23,5
761,0.99738,3.25,0.096,3.25,5
762,0.99701,3.31,0.069,3.31,6
763,0.99738,3.25,0.096,3.25,5
764,0.99888,3.31,0.093,3.31,6
765,0.99888,3.31,0.091,3.31,6
766,0.99738,3.14,0.089,3.14,5
767,0.99938,3.45,0.103,3.45,5
768,0.99744,3.55,0.0819999999999999,3.55,6
769,0.99668,3.39,0.076,3.39,5
770,0.99744,3.55,0.0819999999999999,3.55,6
771,0.9978,3.28,0.0819999999999999,3.28,5
772,0.99782,3.27,0.0819999999999999,3.27,5
773,0.9973,3.3,0.157,3.3,6
774,0.99727,3.31,0.157,3.31,6
775,0.99586,3.43,0.102,3.43,5
776,0.99612,3.4,0.243,3.4,6
777,0.9961,3.4,0.241,3.4,6
778,0.99788,3.36,0.079,3.36,5
779,0.99745,3.5,0.076,3.5,5
780,0.99676,3.31,0.19,3.31,6
781,0.99732,3.66,0.114,3.66,5
782,0.99814,3.36,0.081,3.36,5
783,0.99732,3.66,0.114,3.66,5
784,0.99746,3.55,0.077,3.55,5
785,0.9982,3.21,0.083,3.21,5
786,0.9982,3.21,0.083,3.21,5
787,0.9991,3.18,0.079,3.18,6
788,0.9991,3.18,0.079,3.18,6
789,0.998,3.09,0.099,3.09,5
790,0.99708,3.33,0.0819999999999999,3.33,6
791,0.99818,3.23,0.084,3.23,5
792,0.99745,3.48,0.081,3.48,6
793,0.99639,3.38,0.055,3.38,5
794,0.99531,3.17,0.065,3.17,6
795,0.99786,2.99,0.132,2.99,5
796,0.99746,3.1,0.126,3.1,5
797,0.99526,3.24,0.038,3.24,7
798,0.9987,3.29,0.0819999999999999,3.29,6
799,0.9987,3.29,0.0819999999999999,3.29,6
800,0.99641,3.25,0.0819999999999999,3.25,5
801,0.99735,3.23,0.068,3.23,5
802,0.99264,3.56,0.044,3.56,7
803,0.9971,3.24,0.114,3.24,6
804,0.99682,3.26,0.084,3.26,6
805,0.99356,3.33,0.052,3.33,7
806,0.99386,3.27,0.0409999999999999,3.27,7
807,0.99356,3.33,0.052,3.33,7
808,0.99702,3.26,0.165,3.26,5
809,0.99693,3.22,0.07,3.22,6
810,0.99562,3.3,0.068,3.3,5
811,1.00012,3.09,0.072,3.09,6
812,0.99818,3.24,0.099,3.24,5
813,0.99462,3.44,0.102,3.44,4
814,0.99939,3.21,0.103,3.21,6
815,0.99818,3.24,0.099,3.24,5
816,0.9984,3.23,0.081,3.23,6
817,0.99545,3.28,0.084,3.28,6
818,0.99632,3.29,0.071,3.29,5
819,0.99976,3.28,0.0969999999999999,3.28,5
820,0.99606,3.34,0.099,3.34,5
821,0.99154,3.71,0.048,3.71,7
822,0.9973,3.61,0.076,3.61,5
823,0.9973,3.61,0.076,3.61,5
824,0.99682,3.24,0.068,3.24,5
825,0.99624,3.36,0.076,3.36,5
826,0.9951,3.4,0.05,3.4,7
827,0.99624,3.36,0.076,3.36,5
828,0.99417,3.46,0.065,3.46,8
829,0.99376,3.56,0.071,3.56,6
830,0.99632,3.38,0.0579999999999999,3.38,4
831,0.99376,3.56,0.071,3.56,6
832,0.99832,3.38,0.145,3.38,3
833,0.99836,3.38,0.147,3.38,4
834,0.99694,3.32,0.088,3.32,5
835,0.99655,3.39,0.066,3.39,5
836,0.99064,3.26,0.012,3.26,7
837,0.99064,3.26,0.012,3.26,7
838,0.99672,3.24,0.075,3.24,7
839,0.99647,3.46,0.092,3.46,5
840,0.99736,3.24,0.085,3.24,7
841,0.99629,3.45,0.115,3.45,5
842,0.99708,3.23,0.119,3.23,6
843,0.9963,3.28,0.088,3.28,5
844,0.9959,3.18,0.062,3.18,6
845,0.99689,3.59,0.081,3.59,5
846,0.99689,3.59,0.081,3.59,5
847,0.9977,3.5,0.078,3.5,6
848,0.99689,3.59,0.081,3.59,5
849,0.99689,3.58,0.08,3.58,5
850,0.99708,3.28,0.085,3.28,5
851,0.99708,3.28,0.085,3.28,5
852,0.99801,3.22,0.08,3.22,5
853,0.99652,3.47,0.08,3.47,6
854,0.99652,3.47,0.08,3.47,6
855,0.99538,3.51,0.071,3.51,7
856,0.99652,3.47,0.08,3.47,6
857,0.99594,3.4,0.073,3.4,7
858,0.99686,3.15,0.054,3.15,7
859,0.99438,3.4,0.074,3.4,6
860,0.99746,3.51,0.077,3.51,5
861,0.99357,3.66,0.039,3.66,6
862,0.99628,3.24,0.067,3.24,5
863,0.99746,3.51,0.078,3.51,5
864,0.99746,3.51,0.077,3.51,5
865,0.99748,3.51,0.077,3.51,5
866,0.99438,3.41,0.071,3.41,6
867,0.99438,3.4,0.072,3.4,6
868,0.99438,3.4,0.074,3.4,6
869,0.99578,3.44,0.08,3.44,6
870,0.99371,3.41,0.064,3.41,6
871,0.99522,3.53,0.086,3.53,5
872,0.99576,3.43,0.067,3.43,4
873,0.99552,3.23,0.067,3.23,7
874,0.99664,3.12,0.104,3.12,7
875,0.99614,3.31,0.109,3.31,7
876,0.99517,3.4,0.067,3.4,4
877,0.99371,3.41,0.064,3.41,6
878,0.99787,3.22,0.094,3.22,6
879,0.99745,3.53,0.076,3.53,5
880,0.99576,3.15,0.078,3.15,5
881,0.99533,3.48,0.068,3.48,6
882,0.99536,3.22,0.1939999999999999,3.22,6
883,0.99745,3.53,0.076,3.53,5
884,0.99787,3.22,0.094,3.22,6
885,0.99824,3.34,0.086,3.34,5
886,0.99836,3.33,0.083,3.33,6
887,0.99577,3.15,0.066,3.15,7
888,0.99491,3.43,0.072,3.43,6
889,1.00289,3.22,0.1119999999999999,3.22,5
890,0.99576,3.44,0.071,3.44,5
891,0.99743,3.53,0.078,3.53,5
892,0.99774,3.22,0.0819999999999999,3.22,6
893,0.99743,3.53,0.078,3.53,5
894,0.99745,3.53,0.08,3.53,6
895,0.9955,3.42,0.08,3.42,6
896,0.99444,3.31,0.078,3.31,7
897,0.9955,3.42,0.08,3.42,6
898,0.99444,3.31,0.078,3.31,7
899,0.99892,3.48,0.084,3.48,3
900,0.99562,3.4,0.0559999999999999,3.4,5
901,0.99736,3.58,0.08,3.58,7
902,0.99736,3.58,0.08,3.58,7
903,0.9962,3.41,0.06,3.41,7
904,0.9962,3.41,0.06,3.41,7
905,0.998,3.23,0.081,3.23,5
906,0.9964,3.39,0.084,3.39,5
907,0.9948,3.59,0.079,3.59,6
908,0.99528,3.43,0.078,3.43,6
909,0.99331,3.29,0.059,3.29,6
910,0.99577,3.23,0.132,3.23,6
911,0.99901,3.18,0.114,3.18,6
912,0.99674,3.33,0.065,3.33,6
913,0.99639,3.27,0.094,3.27,7
914,0.99331,3.29,0.059,3.29,6
915,0.99512,3.27,0.079,3.27,6
916,0.99395,3.62,0.161,3.62,5
917,0.99824,3.38,0.084,3.38,6
918,0.9964,3.3,0.081,3.3,6
919,0.99504,3.38,0.072,3.38,6
920,0.99786,3.24,0.091,3.24,5
921,0.9964,3.3,0.081,3.3,6
922,0.99504,3.38,0.072,3.38,6
923,0.99824,3.38,0.084,3.38,6
924,0.99516,3.18,0.055,3.18,5
925,0.99604,3.47,0.064,3.47,7
926,0.99786,3.47,0.061,3.47,6
927,0.99736,3.2,0.093,3.2,4
928,0.99516,3.18,0.055,3.18,5
929,0.99468,3.3,0.063,3.3,7
930,0.99746,3.69,0.08,3.69,5
931,0.99748,3.48,0.074,3.48,5
932,0.9971,3.45,0.078,3.45,6
933,0.99748,3.48,0.074,3.48,5
934,0.99746,3.69,0.08,3.69,5
935,0.99543,3.39,0.06,3.39,6
936,0.99543,3.39,0.06,3.39,6
937,0.99791,3.07,0.071,3.07,4
938,0.99356,3.34,0.068,3.34,7
939,0.99425,3.61,0.073,3.61,5
940,0.99509,3.36,0.074,3.36,7
941,0.99484,3.19,0.0819999999999999,3.19,7
942,0.99834,3.22,0.092,3.22,7
943,0.99864,3.24,0.094,3.24,7
944,0.99498,3.27,0.09,3.27,7
945,0.99566,3.14,0.071,3.14,7
946,0.99745,3.29,0.092,3.29,7
947,0.99408,3.26,0.093,3.26,7
948,0.99552,3.41,0.075,3.41,7
949,0.99552,3.41,0.075,3.41,7
950,0.99552,3.41,0.075,3.41,7
951,0.99408,3.26,0.093,3.26,7
952,0.99536,3.31,0.0579999999999999,3.31,7
953,0.99458,3.2,0.052,3.2,7
954,0.99538,3.44,0.0819999999999999,3.44,6
955,0.99648,3.36,0.09,3.36,5
956,0.99568,3.31,0.111,3.31,6
957,0.99613,3.29,0.088,3.29,6
958,0.99519,3.47,0.12,3.47,7
959,0.99735,3.36,0.089,3.36,5
960,0.99518,3.16,0.0579999999999999,3.16,6
961,0.99592,3.27,0.078,3.27,5
962,0.99654,3.38,0.115,3.38,5
963,0.99546,3.15,0.1,3.15,6
964,0.99518,3.16,0.0579999999999999,3.16,6
965,0.99554,3.34,0.065,3.34,6
966,0.99604,3.13,0.103,3.13,7
967,0.99733,3.13,0.0969999999999999,3.13,5
968,0.9943,3.2,0.068,3.2,6
969,0.99669,3.46,0.079,3.46,5
970,0.99724,3.33,0.066,3.33,6
971,0.99724,3.33,0.066,3.33,6
972,0.99643,3.22,0.104,3.22,7
973,0.99605,3.52,0.079,3.52,5
974,0.99658,3.3,0.073,3.3,7
975,0.997,3.44,0.083,3.44,5
976,0.997,3.44,0.083,3.44,5
977,0.99801,3.15,0.109,3.15,5
978,0.99416,3.28,0.061,3.28,7
979,0.9969,3.13,0.075,3.13,5
980,0.99774,3.32,0.065,3.32,6
981,0.99712,3.25,0.079,3.25,5
982,0.99418,3.34,0.07,3.34,6
983,0.99774,3.32,0.065,3.32,6
984,0.9969,3.13,0.075,3.13,5
985,0.99562,3.45,0.064,3.45,6
986,0.9947,3.19,0.066,3.19,7
987,0.99693,3.44,0.08,3.44,5
988,0.99596,3.16,0.0969999999999999,3.16,5
989,0.99556,3.14,0.073,3.14,6
990,0.99596,3.16,0.0969999999999999,3.16,5
991,0.99694,3.45,0.0819999999999999,3.45,5
992,0.99554,3.36,0.076,3.36,6
993,0.99694,3.45,0.0819999999999999,3.45,5
994,0.99918,3.15,0.092,3.15,5
995,0.99697,3.39,0.079,3.39,6
996,0.99378,3.71,0.087,3.71,7
997,0.99378,3.71,0.087,3.71,7
998,0.99554,3.12,0.05,3.12,6
999,0.99162,3.47,0.055,3.47,6
1000,0.99495,3.44,0.062,3.44,7
1001,0.99676,3.26,0.0579999999999999,3.26,7
1002,0.99516,3.26,0.063,3.26,7
1003,0.9928,3.36,0.067,3.36,7
1004,0.99603,3.25,0.081,3.25,5
1005,0.9928,3.36,0.067,3.36,7
1006,0.99516,3.26,0.063,3.26,7
1007,0.99516,3.26,0.064,3.26,7
1008,0.99549,3.23,0.11,3.23,7
1009,0.99722,3.18,0.1159999999999999,3.18,5
1010,0.99354,3.25,0.067,3.25,7
1011,0.9957,3.17,0.088,3.17,6
1012,0.99604,3.23,0.102,3.23,5
1013,0.99635,3.38,0.092,3.38,6
1014,0.99454,3.22,0.12,3.22,6
1015,0.99598,3.06,0.075,3.06,6
1016,0.99486,3.27,0.068,3.27,7
1017,0.99007,2.89,0.049,2.89,6
1018,0.99007,2.89,0.049,2.89,6
1019,0.99636,3.53,0.078,3.53,5
1020,0.99642,3.2,0.123,3.2,6
1021,0.99642,3.2,0.123,3.2,6
1022,0.99584,3.35,0.062,3.35,5
1023,0.99506,3.27,0.098,3.27,6
1024,0.99568,3.32,0.088,3.32,7
1025,0.99822,3.33,0.095,3.33,6
1026,0.99364,3.41,0.066,3.41,6
1027,0.99378,3.49,0.065,3.49,5
1028,0.99586,3.37,0.075,3.37,6
1029,0.99568,3.32,0.088,3.32,7
1030,0.99488,3.42,0.091,3.42,7
1031,0.99514,3.35,0.093,3.35,7
1032,0.99854,3.36,0.095,3.36,5
1033,0.99592,3.3,0.089,3.3,6
1034,0.99739,3.2,0.077,3.2,6
1035,0.99683,3.17,0.085,3.17,7
1036,0.99356,3.22,0.0819999999999999,3.22,7
1037,0.99672,3.35,0.074,3.35,5
1038,0.9953,3.24,0.078,3.24,7
1039,0.99692,3.33,0.088,3.33,6
1040,0.99756,3.58,0.088,3.58,5
1041,0.99547,3.38,0.079,3.38,6
1042,0.99692,3.33,0.088,3.33,6
1043,0.99859,3.29,0.069,3.29,7
1044,0.99294,3.36,0.046,3.36,6
1045,0.99438,3.32,0.07,3.32,6
1046,0.99612,3.31,0.076,3.31,6
1047,0.99634,3.49,0.0819999999999999,3.49,5
1048,0.99702,3.27,0.081,3.27,6
1049,0.99704,3.27,0.084,3.27,6
1050,0.99634,3.49,0.0819999999999999,3.49,5
1051,0.99702,3.03,0.414,3.03,5
1052,0.99258,3.56,0.073,3.56,5
1053,0.99426,3.38,0.07,3.38,7
1054,0.99747,3.13,0.095,3.13,6
1055,0.99747,3.13,0.095,3.13,6
1056,0.99586,3.21,0.1009999999999999,3.21,7
1057,0.99784,3.15,0.104,3.15,5
1058,0.9971,3.19,0.093,3.19,7
1059,0.99586,3.21,0.1009999999999999,3.21,7
1060,0.9981,3.14,0.074,3.14,6
1061,0.99462,3.21,0.071,3.21,8
1062,0.9956,3.3,0.098,3.3,6
1063,0.99565,3.22,0.075,3.22,6
1064,0.99418,3.28,0.067,3.28,6
1065,0.9963,3.29,0.083,3.29,6
1066,0.99358,3.4,0.07,3.4,7
1067,0.99572,3.02,0.06,3.02,7
1068,0.99572,3.02,0.06,3.02,7
1069,0.997,3.31,0.086,3.31,5
1070,0.99498,3.18,0.057,3.18,7
1071,0.99892,3.2,0.098,3.2,5
1072,0.9968,3.4,0.083,3.4,6
1073,0.9972,3.31,0.088,3.31,6
1074,0.99892,3.2,0.098,3.2,5
1075,0.99769,3.44,0.071,3.44,7
1076,0.99534,3.15,0.073,3.15,6
1077,0.99817,3.27,0.08,3.27,5
1078,0.99817,3.27,0.08,3.27,5
1079,0.99316,3.01,0.05,3.01,7
1080,0.99471,3.16,0.047,3.16,6
1081,0.99316,3.01,0.05,3.01,7
1082,0.99685,3.42,0.073,3.42,6
1083,0.99617,3.33,0.072,3.33,6
1084,0.99685,3.42,0.073,3.42,6
1085,0.99529,3.12,0.074,3.12,5
1086,0.99738,3.38,0.055,3.38,7
1087,0.994,3.29,0.057,3.29,6
1088,0.99735,3.02,0.095,3.02,7
1089,0.99735,3.02,0.095,3.02,7
1090,0.99451,2.98,0.083,2.98,8
1091,0.99546,3.35,0.086,3.35,6
1092,0.99479,3.43,0.081,3.43,6
1093,0.99615,3.33,0.079,3.33,7
1094,0.99655,3.35,0.1169999999999999,3.35,6
1095,0.99772,3.15,0.087,3.15,5
1096,0.99655,3.35,0.1169999999999999,3.35,6
1097,0.99666,3.2,0.096,3.2,5
1098,0.99358,3.15,0.216,3.15,7
1099,0.99666,3.2,0.096,3.2,5
1100,0.99392,3.11,0.072,3.11,6
1101,0.99388,3.35,0.071,3.35,6
1102,0.99402,3.45,0.078,3.45,6
1103,0.99388,3.35,0.071,3.35,6
1104,0.9936,3.28,0.073,3.28,6
1105,0.99374,3.41,0.048,3.41,5
1106,0.99376,3.21,0.069,3.21,6
1107,0.99523,3.27,0.068,3.27,7
1108,0.99855,3.36,0.09,3.36,5
1109,0.9982,3.17,0.171,3.17,6
1110,0.99593,3.25,0.07,3.25,6
1111,0.99471,3.78,0.092,3.78,7
1112,0.99396,3.29,0.0559999999999999,3.29,6
1113,0.99698,3.12,0.074,3.12,6
1114,0.9902,3.49,0.046,3.49,6
1115,0.99572,3.38,0.091,3.38,6
1116,0.99572,3.38,0.091,3.38,6
1117,0.99572,3.38,0.091,3.38,6
1118,0.99252,3.3,0.065,3.3,6
1119,0.99256,3.52,0.066,3.52,5
1120,0.99235,3.2,0.076,3.2,8
1121,0.99352,3.44,0.062,3.44,6
1122,0.9922,3.45,0.055,3.45,6
1123,0.99674,3.12,0.081,3.12,6
1124,0.99557,3.62,0.096,3.62,4
1125,0.99394,3.14,0.055,3.14,7
1126,0.9915,3.39,0.063,3.39,6
1127,0.99379,3.51,0.072,3.51,6
1128,0.9984,3.22,0.095,3.22,5
1129,0.99798,3.21,0.092,3.21,6
1130,0.9977,3.18,0.0579999999999999,3.18,6
1131,0.99341,3.32,0.045,3.32,5
1132,0.9933,3.38,0.075,3.38,7
1133,0.99684,3.37,0.089,3.37,7
1134,0.99524,3.3,0.061,3.3,7
1135,0.9946,3.38,0.067,3.38,6
1136,0.99774,3.22,0.08,3.22,6
1137,0.99774,3.22,0.08,3.22,6
1138,0.99786,3.14,0.104,3.14,5
1139,0.99764,3.34,0.079,3.34,6
1140,0.9969,3.41,0.08,3.41,6
1141,0.99624,3.27,0.08,3.27,6
1142,0.99354,3.3,0.043,3.3,6
1143,0.99672,3.61,0.065,3.61,6
1144,0.99588,3.43,0.066,3.43,5
1145,0.99672,3.53,0.076,3.53,6
1146,0.996,3.28,0.178,3.28,6
1147,0.99702,3.21,0.071,3.21,7
1148,0.99526,3.39,0.086,3.39,6
1149,0.99585,3.23,0.061,3.23,6
1150,0.99473,3.3,0.067,3.3,7
1151,0.99352,3.46,0.044,3.46,6
1152,0.99616,3.15,0.118,3.15,5
1153,0.99622,3.23,0.083,3.23,6
1154,0.99544,3.59,0.1,3.59,6
1155,0.99616,3.15,0.118,3.15,5
1156,0.99524,3.33,0.071,3.33,7
1157,0.9924,3.46,0.042,3.46,7
1158,0.99572,3.42,0.076,3.42,6
1159,0.99728,3.16,0.11,3.16,5
1160,0.99676,3.14,0.087,3.14,7
1161,0.99551,3.21,0.076,3.21,6
1162,0.99434,3.14,0.075,3.14,7
1163,0.99692,3.29,0.078,3.29,5
1164,0.99692,3.29,0.078,3.29,5
1165,0.99634,3.01,0.369,3.01,5
1166,0.99709,2.94,0.111,2.94,5
1167,0.99528,3.32,0.074,3.32,7
1168,0.99384,3.21,0.067,3.21,6
1169,0.99502,3.32,0.086,3.32,6
1170,0.99667,3.2,0.062,3.2,6
1171,0.99522,3.42,0.078,3.42,6
1172,0.99649,3.27,0.074,3.27,6
1173,0.99716,3.46,0.079,3.46,6
1174,0.99716,3.46,0.079,3.46,6
1175,0.99541,3.61,0.095,3.61,6
1176,0.99572,3.58,0.079,3.58,4
1177,0.99318,3.35,0.052,3.35,7
1178,0.99346,3.68,0.0409999999999999,3.68,5
1179,0.99599,3.27,0.076,3.27,6
1180,0.99599,3.27,0.076,3.27,6
1181,0.99478,3.19,0.068,3.19,5
1182,0.99754,3.38,0.068,3.38,6
1183,0.99572,3.29,0.07,3.29,5
1184,0.99538,3.36,0.08,3.36,5
1185,0.99346,3.33,0.085,3.33,6
1186,0.9963,3.52,0.079,3.52,5
1187,0.99346,3.33,0.085,3.33,6
1188,0.99538,3.36,0.08,3.36,5
1189,0.99616,3.3,0.075,3.3,4
1190,0.99652,3.28,0.08,3.28,6
1191,0.99551,3.56,0.166,3.56,5
1192,0.99439,3.52,0.063,3.52,7
1193,0.99551,3.56,0.166,3.56,5
1194,0.99588,3.22,0.114,3.22,6
1195,0.99633,3.52,0.078,3.52,6
1196,0.99686,3.21,0.076,3.21,6
1197,0.99458,3.16,0.069,3.16,6
1198,0.9951,3.15,0.052,3.15,6
1199,0.99686,3.21,0.076,3.21,6
1200,0.99458,3.16,0.069,3.16,6
1201,0.99419,3.27,0.065,3.27,7
1202,0.99516,3.35,0.068,3.35,8
1203,0.99878,3.14,0.111,3.14,5
1204,0.99534,3.4,0.074,3.4,7
1205,0.99534,3.4,0.074,3.4,7
1206,0.99534,3.4,0.074,3.4,7
1207,0.99752,3.35,0.136,3.35,5
1208,0.99534,3.4,0.074,3.4,7
1209,0.99428,3.45,0.071,3.45,7
1210,0.99498,3.35,0.078,3.35,6
1211,0.9957,3.32,0.076,3.32,5
1212,0.99498,3.35,0.078,3.35,6
1213,0.99659,3.15,0.071,3.15,6
1214,0.99628,3.1,0.081,3.1,6
1215,0.99488,3.26,0.095,3.26,6
1216,0.99677,3.29,0.079,3.29,6
1217,0.99408,3.23,0.057,3.23,6
1218,0.996,3.24,0.0819999999999999,3.24,6
1219,0.99478,3.2,0.044,3.2,6
1220,0.99734,3.28,0.132,3.28,6
1221,0.99734,3.28,0.132,3.28,6
1222,0.99678,3.26,0.078,3.26,6
1223,0.99638,3.23,0.074,3.23,6
1224,0.9992,3.07,0.08,3.07,6
1225,0.99922,3.15,0.091,3.15,5
1226,0.99592,3.02,0.08,3.02,5
1227,0.99769,3.27,0.104,3.27,5
1228,0.99157,3.68,0.044,3.68,7
1229,0.99718,3.4,0.075,3.4,5
1230,0.9947,3.37,0.066,3.37,6
1231,0.99621,3.38,0.074,3.38,5
1232,0.99718,3.4,0.075,3.4,5
1233,0.99614,3.23,0.057,3.23,4
1234,0.99242,3.39,0.059,3.39,6
1235,0.99572,3.3,0.054,3.3,4
1236,0.99659,3.26,0.07,3.26,6
1237,0.99242,3.39,0.059,3.39,6
1238,0.99798,3.38,0.081,3.38,4
1239,0.99488,3.45,0.057,3.45,4
1240,0.99494,3.1,0.076,3.1,5
1241,0.99729,3.16,0.079,3.16,5
1242,0.99414,3.22,0.0579999999999999,3.22,6
1243,0.9983,3.37,0.0819999999999999,3.37,5
1244,0.99721,3.33,0.067,3.33,6
1245,0.99655,3.49,0.0819999999999999,3.49,5
1246,0.99502,3.12,0.086,3.12,5
1247,0.99655,3.49,0.0819999999999999,3.49,5
1248,0.9949,3.41,0.081,3.41,6
1249,0.99514,3.4,0.079,3.4,6
1250,0.99514,3.4,0.079,3.4,6
1251,0.9963,3.28,0.077,3.28,5
1252,0.99627,3.45,0.123,3.45,5
1253,0.99569,3.43,0.096,3.43,5
1254,0.99628,3.4,0.079,3.4,5
1255,0.99358,3.47,0.069,3.47,5
1256,0.99499,3.1,0.0819999999999999,3.1,5
1257,0.99633,3.32,0.085,3.32,6
1258,0.99538,3.44,0.123,3.44,6
1259,0.99538,3.44,0.123,3.44,6
1260,0.99632,3.02,0.4029999999999999,3.02,5
1261,0.99437,3.59,0.083,3.59,4
1262,0.99726,3.15,0.081,3.15,5
1263,0.9978,3.37,0.089,3.37,4
1264,0.99456,3.38,0.066,3.38,6
1265,0.99564,3.38,0.081,3.38,6
1266,0.99564,3.38,0.081,3.38,6
1267,0.996,3.1,0.068,3.1,6
1268,0.99668,3.47,0.079,3.47,6
1269,0.9908,3.5,0.044,3.5,8
1270,0.99084,3.7,0.048,3.7,6
1271,0.9935,3.38,0.049,3.38,6
1272,0.99385,3.5,0.077,3.5,5
1273,0.99494,3.1,0.073,3.1,5
1274,0.9944,3.24,0.102,3.24,6
1275,0.99688,3.24,0.075,3.24,6
1276,0.99566,3.28,0.05,3.28,4
1277,0.99636,3.35,0.114,3.35,6
1278,0.99688,3.24,0.075,3.24,6
1279,0.9948,3.14,0.062,3.14,7
1280,0.9956,3.37,0.077,3.37,6
1281,0.9956,3.37,0.077,3.37,6
1282,0.99619,3.33,0.084,3.33,6
1283,0.99734,3.26,0.096,3.26,6
1284,0.99476,3.39,0.071,3.39,5
1285,0.99734,3.15,0.09,3.15,5
1286,0.99328,3.35,0.068,3.35,6
1287,0.99286,3.22,0.0559999999999999,3.22,5
1288,0.99914,3.3,0.068,3.3,5
1289,0.99914,3.3,0.068,3.3,5
1290,0.99521,3.36,0.1,3.36,5
1291,0.99638,3.29,0.073,3.29,6
1292,0.99362,3.62,0.0559999999999999,3.62,6
1293,0.99672,3.34,0.084,3.34,4
1294,0.99638,3.29,0.073,3.29,6
1295,0.99558,3.2,0.093,3.2,5
1296,0.99558,3.2,0.093,3.2,5
1297,0.99323,3.35,0.064,3.35,6
1298,0.99191,3.45,0.063,3.45,6
1299,0.99476,3.5,0.1369999999999999,3.5,3
1300,0.99444,3.78,0.08,3.78,6
1301,0.99598,3.6,0.1,3.6,6
1302,0.99576,3.3,0.064,3.3,6
1303,0.99501,3.36,0.081,3.36,5
1304,0.9955,3.12,0.087,3.12,5
1305,0.99612,3.3,0.073,3.3,5
1306,0.9979,3.29,0.088,3.29,5
1307,0.99524,3.41,0.068,3.41,4
1308,0.9979,3.29,0.088,3.29,5
1309,0.996,3.28,0.071,3.28,5
1310,0.99612,3.3,0.073,3.3,5
1311,0.9929,3.33,0.064,3.33,6
1312,0.99532,3.34,0.083,3.34,5
1313,0.99558,3.4,0.086,3.4,6
1314,0.99556,3.4,0.086,3.4,6
1315,0.99616,3.26,0.083,3.26,6
1316,0.99258,4.01,0.0409999999999999,4.01,6
1317,0.99638,3.18,0.091,3.18,6
1318,0.99616,3.26,0.083,3.26,6
1319,0.99652,2.9,0.414,2.9,6
1320,0.99796,3.26,0.094,3.26,5
1321,0.99258,4.01,0.0409999999999999,4.01,6
1322,0.99392,3.18,0.0579999999999999,3.18,5
1323,0.99495,3.18,0.06,3.18,7
1324,0.9948,3.39,0.077,3.39,6
1325,0.9948,3.39,0.077,3.39,6
1326,0.9948,3.39,0.077,3.39,6
1327,0.9948,3.39,0.077,3.39,6
1328,0.9955,3.34,0.073,3.34,5
1329,0.99616,3.29,0.083,3.29,6
1330,0.99616,3.29,0.083,3.29,6
1331,0.99668,3.26,0.107,3.26,5
1332,0.99581,3.09,0.075,3.09,6
1333,0.9976,3.18,0.079,3.18,5
1334,0.99608,3.39,0.166,3.39,5
1335,0.99387,3.38,0.069,3.38,6
1336,0.99448,3.36,0.057,3.36,5
1337,0.99448,3.36,0.057,3.36,5
1338,0.99448,3.36,0.057,3.36,5
1339,0.99538,3.36,0.084,3.36,6
1340,0.99538,3.36,0.084,3.36,6
1341,0.99538,3.36,0.084,3.36,6
1342,0.99589,3.37,0.085,3.37,6
1343,0.99538,3.36,0.084,3.36,6
1344,0.99852,3.09,0.077,3.09,5
1345,0.99613,3.25,0.063,3.25,6
1346,0.99472,3.52,0.0559999999999999,3.52,5
1347,0.99587,3.34,0.078,3.34,5
1348,0.99587,3.34,0.078,3.34,5
1349,0.99518,3.41,0.081,3.41,5
1350,0.99654,3.34,0.069,3.34,5
1351,0.99332,3.32,0.065,3.32,6
1352,0.9969,3.37,0.086,3.37,5
1353,0.9969,3.37,0.086,3.37,5
1354,0.99568,3.35,0.077,3.35,5
1355,0.99464,3.36,0.086,3.36,5
1356,0.99464,3.36,0.084,3.36,5
1357,0.99648,3.6,0.078,3.6,6
1358,0.99736,3.28,0.168,3.28,5
1359,0.99704,3.07,0.091,3.07,6
1360,0.99699,3.24,0.1119999999999999,3.24,5
1361,0.99724,3.36,0.093,3.36,5
1362,0.99704,3.07,0.091,3.07,6
1363,0.99652,3.29,0.08,3.29,4
1364,0.995,3.46,0.096,3.46,6
1365,0.9971,3.18,0.115,3.18,5
1366,0.99576,3.24,0.094,3.24,5
1367,0.99725,3.25,0.088,3.25,6
1368,0.99656,3.27,0.079,3.27,6
1369,0.99396,3.33,0.069,3.33,4
1370,0.99623,3.0,0.415,3.0,5
1371,0.99476,3.21,0.153,3.21,6
1372,0.99623,3.0,0.415,3.0,5
1373,0.99664,3.24,0.11,3.24,5
1374,0.99471,3.32,0.267,3.32,3
1375,0.99586,3.26,0.083,3.26,5
1376,0.9946,3.11,0.086,3.11,5
1377,0.9953,3.71,0.09,3.71,6
1378,0.99609,3.29,0.078,3.29,6
1379,0.99557,3.36,0.077,3.36,6
1380,0.99557,3.36,0.077,3.36,6
1381,0.99534,3.38,0.074,3.38,5
1382,0.99613,3.3,0.08,3.3,5
1383,0.99613,3.3,0.08,3.3,5
1384,0.99593,3.19,0.107,3.19,5
1385,0.99668,3.19,0.076,3.19,5
1386,0.9961,3.3,0.1,3.3,5
1387,0.9961,3.3,0.1,3.3,5
1388,0.99718,3.35,0.083,3.35,5
1389,0.99524,3.1,0.08,3.1,5
1390,0.99292,3.58,0.068,3.58,6
1391,0.99612,3.37,0.094,3.37,5
1392,0.9942,3.17,0.07,3.17,5
1393,0.99612,3.3,0.078,3.3,5
1394,0.99669,3.32,0.07,3.32,5
1395,0.99745,3.31,0.092,3.31,6
1396,0.99745,3.31,0.09,3.31,5
1397,0.99584,3.28,0.08,3.28,5
1398,0.9966,3.52,0.083,3.52,7
1399,0.9956,3.42,0.068,3.42,6
1400,0.9962,3.25,0.08,3.25,5
1401,0.9962,3.25,0.08,3.25,5
1402,0.9963,3.44,0.052,3.44,6
1403,0.996,3.23,0.061,3.23,8
1404,0.9985,3.43,0.0819999999999999,3.43,6
1405,0.9952,3.28,0.062,3.28,7
1406,0.9974,3.22,0.062,3.22,6
1407,0.995,3.54,0.064,3.54,6
1408,0.995,3.27,0.048,3.27,7
1409,0.995,3.54,0.064,3.54,6
1410,0.9936,3.5,0.0819999999999999,3.5,6
1411,0.9963,3.56,0.071,3.56,6
1412,0.9974,3.22,0.062,3.22,6
1413,0.9963,3.04,0.104,3.04,5
1414,0.9994,3.2,0.077,3.2,5
1415,0.9966,3.56,0.065,3.56,5
1416,0.9994,3.2,0.077,3.2,5
1417,0.9952,3.35,0.064,3.35,7
1418,0.995,3.16,0.077,3.16,5
1419,0.9956,3.27,0.077,3.27,5
1420,0.995,3.16,0.077,3.16,5
1421,0.9965,3.34,0.079,3.34,5
1422,0.9956,3.39,0.079,3.39,6
1423,0.9968,3.5,0.123,3.5,4
1424,0.9974,3.26,0.076,3.26,6
1425,0.9974,3.26,0.076,3.26,6
1426,0.9971,3.41,0.046,3.41,6
1427,0.9957,3.3,0.078,3.3,5
1428,0.9962,3.31,0.072,3.31,5
1429,0.996,3.33,0.049,3.33,5
1430,0.9956,3.37,0.066,3.37,5
1431,0.9958,3.26,0.069,3.26,6
1432,0.9944,3.48,0.042,3.48,6
1433,0.9955,3.42,0.069,3.42,7
1434,1.00369,3.18,0.214,3.18,6
1435,1.00369,3.18,0.214,3.18,6
1436,0.99914,3.15,0.1689999999999999,3.15,5
1437,0.99577,3.53,0.07,3.53,5
1438,0.996,3.41,0.052,3.41,5
1439,0.99566,3.32,0.072,3.32,6
1440,0.9947,3.23,0.062,3.23,7
1441,0.99713,3.16,0.094,3.16,6
1442,0.99712,3.4,0.078,3.4,5
1443,0.99322,3.38,0.0579999999999999,3.38,5
1444,0.99566,3.32,0.072,3.32,6
1445,0.99713,3.16,0.094,3.16,6
1446,0.99712,3.4,0.078,3.4,5
1447,0.99701,3.4,0.08,3.4,5
1448,0.99683,3.4,0.08,3.4,5
1449,0.99472,3.23,0.0559999999999999,3.23,8
1450,0.9947,3.23,0.062,3.23,7
1451,0.99732,3.33,0.104,3.33,7
1452,0.99374,3.35,0.062,3.35,7
1453,0.99706,3.41,0.074,3.41,5
1454,0.99974,3.21,0.073,3.21,6
1455,0.99467,3.5,0.052,3.5,6
1456,0.99236,3.3,0.05,3.3,6
1457,0.99706,3.41,0.074,3.41,5
1458,0.99603,3.39,0.067,3.39,5
1459,0.99458,3.32,0.054,3.32,7
1460,0.99724,3.41,0.054,3.41,6
1461,0.99664,3.59,0.06,3.59,4
1462,0.99545,3.36,0.075,3.36,6
1463,0.99522,3.34,0.076,3.34,6
1464,0.9958,3.41,0.063,3.41,5
1465,0.9958,3.41,0.063,3.41,5
1466,0.99728,3.3,0.062,3.3,7
1467,0.99648,3.52,0.067,3.52,4
1468,0.99728,3.3,0.062,3.3,7
1469,0.99705,3.31,0.061,3.31,3
1470,0.99578,2.88,0.084,2.88,5
1471,0.99334,3.43,0.067,3.43,5
1472,0.99656,3.38,0.073,3.38,6
1473,0.99336,3.38,0.071,3.38,5
1474,1.00242,3.16,0.205,3.16,5
1475,0.99182,3.54,0.048,3.54,7
1476,1.00242,3.16,0.205,3.16,5
1477,0.99182,3.54,0.048,3.54,7
1478,0.99808,3.4,0.0819999999999999,3.4,3
1479,0.99828,3.39,0.104,3.39,5
1480,0.99498,3.66,0.08,3.66,4
1481,0.99828,3.39,0.104,3.39,5
1482,0.99719,3.33,0.114,3.33,4
1483,0.99542,3.35,0.042,3.35,5
1484,0.99592,3.53,0.06,3.53,4
1485,0.99606,3.37,0.074,3.37,5
1486,0.99546,3.38,0.07,3.38,5
1487,0.99496,3.52,0.066,3.52,5
1488,0.9942,3.72,0.049,3.72,5
1489,0.99448,3.44,0.048,3.44,6
1490,0.99344,3.39,0.039,3.39,6
1491,0.9942,3.72,0.049,3.72,5
1492,0.99348,3.57,0.05,3.57,5
1493,0.99636,3.26,0.089,3.26,5
1494,0.99459,3.42,0.066,3.42,7
1495,0.99492,3.35,0.08,3.35,6
1496,0.99636,3.26,0.089,3.26,5
1497,0.99508,3.45,0.054,3.45,6
1498,0.99582,3.53,0.068,3.53,6
1499,0.99508,3.45,0.054,3.45,6
1500,0.99508,3.26,0.076,3.26,5
1501,0.99642,3.16,0.083,3.16,5
1502,0.99638,3.31,0.078,3.31,5
1503,0.99555,3.51,0.077,3.51,6
1504,0.99605,3.36,0.106,3.36,6
1505,0.996,3.55,0.078,3.55,3
1506,0.99562,3.51,0.07,3.51,6
1507,0.99605,3.36,0.106,3.36,6
1508,0.99814,3.38,0.074,3.38,6
1509,0.9941,3.28,0.062,3.28,5
1510,0.99661,3.47,0.047,3.47,6
1511,0.99712,3.44,0.068,3.44,5
1512,0.99588,3.53,0.061,3.53,6
1513,0.99294,3.33,0.078,3.33,6
1514,0.99842,3.53,0.074,3.53,6
1515,0.99842,3.53,0.074,3.53,6
1516,0.99633,3.42,0.071,3.42,5
1517,0.99489,3.38,0.063,3.38,6
1518,0.99647,3.32,0.114,3.32,5
1519,0.99665,3.44,0.106,3.44,5
1520,0.99489,3.38,0.063,3.38,6
1521,0.99585,3.39,0.0819999999999999,3.39,4
1522,0.99633,3.42,0.071,3.42,5
1523,0.9953,3.34,0.076,3.34,5
1524,0.99522,3.39,0.075,3.39,6
1525,0.99552,3.33,0.064,3.33,5
1526,0.99553,3.3,0.064,3.3,6
1527,0.9951,3.29,0.071,3.29,6
1528,0.99714,3.31,0.096,3.31,6
1529,0.99608,3.42,0.063,3.42,6
1530,0.99444,3.42,0.063,3.42,6
1531,0.99631,3.6,0.081,3.6,5
1532,0.99573,3.21,0.0579999999999999,3.21,6
1533,0.99717,3.39,0.074,3.39,5
1534,0.99397,3.42,0.064,3.42,7
1535,0.9959,3.36,0.075,3.36,6
1536,0.99528,3.6,0.077,3.6,6
1537,0.99484,3.5,0.059,3.5,6
1538,0.99538,3.57,0.081,3.57,5
1539,0.99714,3.46,0.065,3.46,5
1540,0.99646,3.56,0.071,3.56,6
1541,0.99666,3.4,0.054,3.4,7
1542,0.99472,3.3,0.064,3.3,6
1543,0.99758,3.25,0.064,3.25,6
1544,0.9955,3.17,0.063,3.17,7
1545,0.99531,3.36,0.059,3.36,6
1546,0.99575,3.36,0.072,3.36,5
1547,0.99306,3.55,0.048,3.55,5
1548,0.99783,3.1,0.099,3.1,5
1549,0.99419,3.24,0.074,3.24,8
1550,0.99783,3.45,0.087,3.45,5
1551,0.99768,3.44,0.083,3.44,5
1552,0.99586,3.51,0.103,3.51,6
1553,0.99765,3.41,0.08,3.41,5
1554,0.99627,3.54,0.062,3.54,6
1555,0.99514,3.44,0.065,3.44,7
1556,0.99636,3.53,0.066,3.53,5
1557,0.99627,3.54,0.062,3.54,6
1558,0.99787,3.22,0.235,3.22,5
1559,0.99622,3.21,0.08,3.21,5
1560,0.99622,3.21,0.08,3.21,5
1561,0.99622,3.21,0.08,3.21,5
1562,0.99546,3.29,0.076,3.29,5
1563,0.99546,3.29,0.076,3.29,5
1564,0.99546,3.29,0.076,3.29,5
1565,0.99489,3.39,0.061,3.39,6
1566,0.99494,3.34,0.059,3.34,6
1567,0.99546,3.29,0.076,3.29,5
1568,0.99629,3.34,0.077,3.34,5
1569,0.99396,3.48,0.0559999999999999,3.48,6
1570,0.9934,3.37,0.23,3.37,6
1571,0.99514,3.44,0.038,3.44,6
1572,0.99632,3.33,0.069,3.33,5
1573,0.99467,3.58,0.075,3.58,6
1574,0.99677,3.39,0.074,3.39,6
1575,0.99474,3.26,0.06,3.26,6
1576,0.99588,3.3,0.081,3.3,6
1577,0.99622,3.54,0.076,3.54,6
1578,0.9954,3.42,0.118,3.42,6
1579,0.99402,3.54,0.053,3.54,5
1580,0.9947,3.36,0.068,3.36,6
1581,0.99402,3.54,0.053,3.54,5
1582,0.99362,3.57,0.053,3.57,5
1583,0.99578,3.33,0.074,3.33,5
1584,0.99484,3.29,0.061,3.29,7
1585,0.99494,3.3,0.066,3.3,6
1586,0.99492,3.34,0.065,3.34,6
1587,0.99483,3.55,0.066,3.55,6
1588,0.99414,3.27,0.068,3.27,6
1589,0.9977,3.29,0.073,3.29,5
1590,0.99314,3.32,0.077,3.32,6
1591,0.99402,3.67,0.089,3.67,6
1592,0.99574,3.42,0.076,3.42,6
1593,0.99651,3.42,0.068,3.42,6
1594,0.9949,3.45,0.09,3.45,5
1595,0.99512,3.52,0.062,3.52,6
1596,0.99574,3.42,0.076,3.42,6
1597,0.99547,3.57,0.075,3.57,5
1598,0.99549,3.39,0.067,3.39,6
